{"sections":{"7ff5d950-5d65-4da4-abda-e5d7639dfaf7":{"type":"section-slideshow-v5","blocks":{"template--21717851406614__7ff5d950-5d65-4da4-abda-e5d7639dfaf7-slide-1":{"type":"slide","settings":{"img_slider":"shopify:\/\/shop_images\/s5.jpg","slider_title":"premium beef","title_color":"#111111","font_size_title_top":45,"fonts_title_top":"","slider_sub_title":"Packed in a facility that handles tree nuts <br>  and sesame seeds.","sub_title_color":"#6d7178","font_size_top1":16,"fonts_sub_1":"","slider_button":"Shop Now","color_button":"#ffffff","bg_color_button":"#111111","font_size_button":14,"fonts_button":"","button_url":"shopify:\/\/collections\/all","color_button_hover":"#ffffff","bg_color_button_hover":"#cb8161"}}},"block_order":["template--21717851406614__7ff5d950-5d65-4da4-abda-e5d7639dfaf7-slide-1"],"settings":{"margin_top":"","margin_bottom":"","bg_section":"#cb8161","img_banner1":"shopify:\/\/shop_images\/s6.jpg","subtitle_banner1":"up to 15% off","color_sub":"#000000","title_banner1":"The great <br> natural taste","color_title":"#000000","btn_banner1":"SHop now","url_banner1":"shopify:\/\/collections\/all","color_button":"#ffffff","color_bg":"#000000","color_button_hover":"#ffffff","color_bg_hover":"#cb8161"}},"e5f434ca-a12f-4048-ab34-2e19613b96bf":{"type":"section-banner-v11","settings":{"ena_container":true,"margin_top":"","margin_bottom":"","img_banner1":"shopify:\/\/shop_images\/ba12.jpg","title_heading1":"Organic store","color_heading1":"#111111","title_banner1":"fresh fish","color_title1":"#111111","button_banner1":"Shop now","url_banner1":"shopify:\/\/collections\/all","img_banner2":"shopify:\/\/shop_images\/ba14.jpg","title_heading2":"Organic store","color_heading2":"#ffffff","title_banner2":"Organic food","color_title2":"#ffffff","button_banner2":"Shop now","url_banner2":"shopify:\/\/collections\/all","color_button":"#ffffff","color_button_hover":"#ffffff","img_banner3":"shopify:\/\/shop_images\/ba13.jpg","title_heading3":"Organic store","color_heading3":"#111111","title_banner3":"premium pork","color_title3":"#000000","button_banner3":"Shop now","url_banner3":"shopify:\/\/collections\/all","color_button2":"#111111","color_button_hover2":"#cb8161"}},"0999f889-4041-4682-ae99-c6c492161ffa":{"type":"section-product-v2","blocks":{"template--21717851406614__0999f889-4041-4682-ae99-c6c492161ffa-tab-1":{"type":"tab","settings":{"tab_title":"NEW ARRIVALS","tab_collection":"frontpage","tab_limit":8}},"template--21717851406614__0999f889-4041-4682-ae99-c6c492161ffa-tab-2":{"type":"tab","settings":{"tab_title":"BEST SELLERS","tab_collection":"new","tab_limit":8}},"template--21717851406614__0999f889-4041-4682-ae99-c6c492161ffa-tab-3":{"type":"tab","settings":{"tab_title":"TOP RATES","tab_collection":"new-1","tab_limit":8}}},"block_order":["template--21717851406614__0999f889-4041-4682-ae99-c6c492161ffa-tab-1","template--21717851406614__0999f889-4041-4682-ae99-c6c492161ffa-tab-2","template--21717851406614__0999f889-4041-4682-ae99-c6c492161ffa-tab-3"],"settings":{"ena_container":false,"margin_top":"","margin_bottom":"","title_heading":"Our Best Seller","color_title":"#222222"}},"70d7090d-41a5-468d-82a2-1c62cd8f7f38":{"type":"section-banner-v4","settings":{"margin_top":"70","margin_bottom":"","img_banner":"shopify:\/\/shop_images\/ba11.jpg","title_banner":"food on sale 10% 0ffer","color_title":"#ffffff","sub_banner":"Aliqua id fugiat irure ex duis","color_sub":"#ffffff","button1":"SHOP NOW","url_button":"shopify:\/\/collections\/all","color_btn":"#ffffff","color_btn_hover":"#ffffff","bg_btn_hover":"#28af5b"}},"c8dd0625-d32e-4317-9141-eaacdfc52c5a":{"type":"section-product-v8","settings":{"bg_count":"#f1f1f1","title_heading":"DEALS OF THE DAY","color_title":"#000000","select_collection":"countdown","products_limit":2,"margin_top":"","margin_bottom":""}},"3eba5ae3-5530-43f0-9bc4-159099842d46":{"type":"section-blog-v1","settings":{"margin_top":"","margin_bottom":"","section_title":"Our Blogs","color_title":"#222222","select_blog":"news","blogs_limit":3,"enable_category":true,"enable_date":true,"enable_title":true,"enable_excerpt":true,"ena_btn_readmore":true}}},"order":["7ff5d950-5d65-4da4-abda-e5d7639dfaf7","e5f434ca-a12f-4048-ab34-2e19613b96bf","0999f889-4041-4682-ae99-c6c492161ffa","70d7090d-41a5-468d-82a2-1c62cd8f7f38","c8dd0625-d32e-4317-9141-eaacdfc52c5a","3eba5ae3-5530-43f0-9bc4-159099842d46"]}