{"sections":{"ef4de2d4-5ee7-452b-9984-27c25d1e945c":{"type":"section-banner-v3","blocks":{"template--21717851406614__ef4de2d4-5ee7-452b-9984-27c25d1e945c-banner-1":{"type":"banner","settings":{"brand_url":"shopify:\/\/collections\/all","banner_img":"shopify:\/\/shop_images\/s7.jpg"}},"template--21717851406614__ef4de2d4-5ee7-452b-9984-27c25d1e945c-banner-2":{"type":"banner","settings":{"brand_url":"shopify:\/\/collections\/all","banner_img":"shopify:\/\/shop_images\/s8.jpg"}},"template--21717851406614__ef4de2d4-5ee7-452b-9984-27c25d1e945c-banner-3":{"type":"banner","settings":{"brand_url":"shopify:\/\/collections\/all","banner_img":"shopify:\/\/shop_images\/s9.jpg"}}},"block_order":["template--21717851406614__ef4de2d4-5ee7-452b-9984-27c25d1e945c-banner-1","template--21717851406614__ef4de2d4-5ee7-452b-9984-27c25d1e945c-banner-2","template--21717851406614__ef4de2d4-5ee7-452b-9984-27c25d1e945c-banner-3"],"settings":{"select_pos":"left","ena_background_img":false,"bg_color":"#ffffff","title_collection":"organic food","color_title":"#000000","title_sub":"Goods are well-glossed, non-rusting, non-allergenic, easy to lighten and maintain!","color_sub_title":"#585757","button_1":"Shop now","url_button1":"shopify:\/\/collections\/all","color_btn":"#ffffff","bg_btn":"#000000","color_btn_hover":"#ffffff","bg_btn_hover":"#ff4545"}},"0605d64b-0be6-4649-a6d6-b00760db500b":{"type":"section-product-v6","settings":{"section_layout":"banner_right","title_heading":"Best Seller","color_title":"#222222","sub-title1":"Discover other related fashion products","img_banner1":"shopify:\/\/shop_images\/ba15.jpg","url_button1":"shopify:\/\/collections\/all","select_collection":"new","products_limit":4,"margin_top":"","margin_bottom":""}},"70d7090d-41a5-468d-82a2-1c62cd8f7f38":{"type":"section-banner-v4","settings":{"margin_top":"70","margin_bottom":"","img_banner":"shopify:\/\/shop_images\/ba11.jpg","title_banner":"food on sale 10% 0ffer","color_title":"#ffffff","sub_banner":"Aliqua id fugiat irure ex duis","color_sub":"#ffffff","button1":"SHOP NOW","url_button":"shopify:\/\/collections\/all","color_btn":"#ffffff","color_btn_hover":"#ffffff","bg_btn_hover":"#28af5b"}},"9a0e8e3c-4517-456b-97be-962a17b71dfd":{"type":"section-product-v6","settings":{"section_layout":"banner_left","title_heading":"Best Seller","color_title":"#222222","sub-title1":"Discover other related fashion products","img_banner1":"shopify:\/\/shop_images\/ba16.jpg","url_button1":"shopify:\/\/collections\/all","select_collection":"new-1","products_limit":4,"margin_top":"","margin_bottom":""}},"85f0a3a1-fe7f-4317-b7f0-b238f6afc650":{"type":"section-instagram-v2","settings":{"section_title_big":"Instagram Shop","item_icon":"fa fa-instagram","ins_userid":"","ins_access_token":"3672948962.0f64772.430edb7f711e4665b59777c54d1ed9ce","ins_limit_number":"10","margin_top":"","margin_bottom":""}}},"order":["ef4de2d4-5ee7-452b-9984-27c25d1e945c","0605d64b-0be6-4649-a6d6-b00760db500b","70d7090d-41a5-468d-82a2-1c62cd8f7f38","9a0e8e3c-4517-456b-97be-962a17b71dfd","85f0a3a1-fe7f-4317-b7f0-b238f6afc650"]}