{"sections":{"f1a442f0-4291-4373-9fec-a4d3935015ac":{"type":"section-slideshow-v1","blocks":{"template--21717851406614__f1a442f0-4291-4373-9fec-a4d3935015ac-slideshow-1":{"type":"slideshow","settings":{"select_position_content":"left","select_textalign_content":"left","bg_slider":"shopify:\/\/shop_images\/s4.jpg","block_subtitle":"Organic Food","color_subtitle":"#000000","font_size_subtitle":20,"fonts_subtitle":"","effect_subtitle":"bounce","block_title":"Seafood dish","font_size_title":70,"fonts_title":"","effect_title":"bounce","color_title":"#000000","block_buton":"Shop now","block_url":"shopify:\/\/collections\/all","font_size_button":14,"fonts_button":"","effect_button":"bounce","color_block_button":"#ffffff","bg_color_block_button":"#000000","color_block_button_hover":"#ffffff","bg_color_block_button_hover":"#cb8161"}},"template--21717851406614__f1a442f0-4291-4373-9fec-a4d3935015ac-slideshow-2":{"type":"slideshow","settings":{"select_position_content":"right","select_textalign_content":"right","bg_slider":"shopify:\/\/shop_images\/s3.jpg","block_subtitle":"Organic Food","color_subtitle":"#ffffff","font_size_subtitle":20,"fonts_subtitle":"","effect_subtitle":"bounce","block_title":"premium pork","font_size_title":70,"fonts_title":"","effect_title":"bounce","color_title":"#ffffff","block_buton":"Shop now","block_url":"shopify:\/\/collections\/all","font_size_button":14,"fonts_button":"","effect_button":"bounce","color_block_button":"#000000","bg_color_block_button":"#ffffff","color_block_button_hover":"#ffffff","bg_color_block_button_hover":"#cb8161"}}},"block_order":["template--21717851406614__f1a442f0-4291-4373-9fec-a4d3935015ac-slideshow-1","template--21717851406614__f1a442f0-4291-4373-9fec-a4d3935015ac-slideshow-2"],"settings":{"color_arrows":"#ffffff","margin_top":"","margin_bottom":""}},"7b600692-fa4c-4611-85f2-4a37a01115aa":{"type":"section-banner-v5","blocks":{"template--21717851406614__7b600692-fa4c-4611-85f2-4a37a01115aa-banner-1":{"type":"banner","settings":{"items_title":"Good quality meat guaranteed","color_title":"#80827e"}},"template--21717851406614__7b600692-fa4c-4611-85f2-4a37a01115aa-banner-2":{"type":"banner","settings":{"items_title":"Bring the best values to customers","color_title":"#80827e"}},"template--21717851406614__7b600692-fa4c-4611-85f2-4a37a01115aa-banner-3":{"type":"banner","settings":{"items_title":"Mauris eget ex eget tellus luctus egestas","color_title":"#80827e"}}},"block_order":["template--21717851406614__7b600692-fa4c-4611-85f2-4a37a01115aa-banner-1","template--21717851406614__7b600692-fa4c-4611-85f2-4a37a01115aa-banner-2","template--21717851406614__7b600692-fa4c-4611-85f2-4a37a01115aa-banner-3"],"settings":{"ena_padding_top":false,"ena_container":true,"select_pos":"right","margin_top":"70","margin_bottom":"","title_banner":"Guaranteed Quality Brick Crab","color_title":"#000000","sub_title_banner":"It is a long established fact that a reader will be distracted by the readable content of a page when looking at its layout","color_sub_title":"#80827e","button_banner":"SHOP NOW","color_btn":"#ffffff","bg_btn":"#000000","bg_btn_hover":"#cb8161","color_btn_hover":"#ffffff","url_banner":"shopify:\/\/collections\/all","img_banner_right":"shopify:\/\/shop_images\/ba9.png"}},"88917247-60af-4c6a-a33b-3c0838845aab":{"type":"section-product-v3","settings":{"ena_container":true,"title_heading":"Best Seller","color_title":"#222222","sub_title":"Best Seller Product This Week!","color_sub_title":"#666666","select_collection":"frontpage","products_limit":8,"margin_top":"","margin_bottom":""}},"9eeeb159-01cb-4404-94eb-6d5c0deb41c3":{"type":"section-banner-v7","settings":{"margin_top":"","margin_bottom":"","ena_container":false,"ena_margin_top":true,"title_banner":"Guaranteed quality brick crab","color_title":"#ffffff","content_banner":"That’s why we only work with farms and processors that share in our passion for good animal husbandry.","color_content_banner":"#ffffff","button_banner":"SHOP NOW","color_btn":"#000000","bg_btn":"#ffffff","color_btn_hover":"#ffffff","bg_btn_hover":"#cb8161","url_button":"shopify:\/\/collections\/all","img_banner":"shopify:\/\/shop_images\/ba10.jpg"}},"9fa4ace0-b0fc-4662-a069-1b51cf0b0258":{"type":"section-product-v7","settings":{"margin_top":"","margin_bottom":"","block_title1":"Featured Products","select_collection1":"new","products_limit1":4}},"563bd745-a08b-4290-922c-b7f4fe0806ac":{"type":"section-instagram-v4","settings":{"title_content":"Shop INSTAGRAM","subtitle":"@origan on instagram.","ins_userid":"","ins_access_token":"3672948962.0f64772.430edb7f711e4665b59777c54d1ed9ce","ins_limit_number":"6","margin_top":"","margin_bottom":""}}},"order":["f1a442f0-4291-4373-9fec-a4d3935015ac","7b600692-fa4c-4611-85f2-4a37a01115aa","88917247-60af-4c6a-a33b-3c0838845aab","9eeeb159-01cb-4404-94eb-6d5c0deb41c3","9fa4ace0-b0fc-4662-a069-1b51cf0b0258","563bd745-a08b-4290-922c-b7f4fe0806ac"]}