{"sections":{"0c73e987-55f9-4667-8e4e-9762617cb40e":{"type":"section-slideshow-v3","blocks":{"template--21717851406614__0c73e987-55f9-4667-8e4e-9762617cb40e-slideshow-1":{"type":"slideshow","settings":{"backgroud_slide":"shopify:\/\/shop_images\/s10.jpg","select_pos":"center","select_textalign_content":"center","block_title":"fresh shrimp","color_title":"#ffffff","font_size_title":70,"block_subtitle":"Safe, quality organic food","color_subtitle":"#ffffff","font_size_sub_title":18,"block_buton":"Shop now","block_url":"shopify:\/\/collections\/all","font_size_button":14,"color_button":"#000000","bg_color_button":"#ffffff","color_button_hover":"#ffffff","bg_color_button_hover":"#be9c79"}},"template--21717851406614__0c73e987-55f9-4667-8e4e-9762617cb40e-slideshow-2":{"type":"slideshow","settings":{"backgroud_slide":"shopify:\/\/shop_images\/s11.jpg","select_pos":"center","select_textalign_content":"center","block_title":"Premium salmon","color_title":"#ffffff","font_size_title":70,"block_subtitle":"Safe, quality organic food","color_subtitle":"#ffffff","font_size_sub_title":18,"block_buton":"Shop now","block_url":"shopify:\/\/collections\/all","font_size_button":14,"color_button":"#000000","bg_color_button":"#ffffff","color_button_hover":"#ffffff","bg_color_button_hover":"#be9c79"}},"954d5d8f-ebdf-4056-9563-3ed38d66f9c1":{"type":"slideshow","settings":{"backgroud_slide":"shopify:\/\/shop_images\/s12.jpg","select_pos":"center","select_textalign_content":"center","block_title":"Prepared fish","color_title":"#ffffff","font_size_title":70,"block_subtitle":"Safe, quality organic food","color_subtitle":"#ffffff","font_size_sub_title":18,"block_buton":"Shop now","block_url":"shopify:\/\/collections\/all","font_size_button":14,"color_button":"#000000","bg_color_button":"#ffffff","color_button_hover":"#ffffff","bg_color_button_hover":"#be9c79"}},"302cb792-568d-4193-8d61-28c871422912":{"type":"slideshow","settings":{"backgroud_slide":"shopify:\/\/shop_images\/s13.jpg","select_pos":"center","select_textalign_content":"center","block_title":"premium beef","color_title":"#ffffff","font_size_title":70,"block_subtitle":"Safe, quality organic food","color_subtitle":"#ffffff","font_size_sub_title":18,"block_buton":"Shop now","block_url":"shopify:\/\/collections\/all","font_size_button":14,"color_button":"#000000","bg_color_button":"#ffffff","color_button_hover":"#ffffff","bg_color_button_hover":"#be9c79"}}},"block_order":["template--21717851406614__0c73e987-55f9-4667-8e4e-9762617cb40e-slideshow-1","template--21717851406614__0c73e987-55f9-4667-8e4e-9762617cb40e-slideshow-2","954d5d8f-ebdf-4056-9563-3ed38d66f9c1","302cb792-568d-4193-8d61-28c871422912"],"settings":{"margin_top":"","margin_bottom":""}}},"order":["0c73e987-55f9-4667-8e4e-9762617cb40e"]}