{"sections":{"1e0f4129-ca99-4e62-ab13-6454296cd89f":{"type":"section-slideshow-v1","blocks":{"template--16390609273017__1e0f4129-ca99-4e62-ab13-6454296cd89f-slideshow-1":{"type":"slideshow","settings":{"select_position_content":"left","select_textalign_content":"left","bg_slider":"shopify:\/\/shop_images\/s1.jpg","block_subtitle":"Organic Store","color_subtitle":"#111111","font_size_subtitle":20,"fonts_subtitle":"","effect_subtitle":"bounce","block_title":"premium meat","font_size_title":70,"fonts_title":"","effect_title":"bounce","color_title":"#111111","block_buton":"Shop now","block_url":"shopify:\/\/collections\/all","font_size_button":14,"fonts_button":"","effect_button":"bounce","color_block_button":"#ffffff","bg_color_block_button":"#111111","color_block_button_hover":"#ffffff","bg_color_block_button_hover":"#cb8161"}},"9cb28d00-e3fe-44ab-a3d5-673496c819df":{"type":"slideshow","settings":{"select_position_content":"right","select_textalign_content":"right","bg_slider":"shopify:\/\/shop_images\/s2.jpg","block_subtitle":"Organic Store","color_subtitle":"#111111","font_size_subtitle":20,"fonts_subtitle":"","effect_subtitle":"bounce","block_title":"fresh crayfish","font_size_title":70,"fonts_title":"","effect_title":"bounce","color_title":"#111111","block_buton":"Shop now","block_url":"shopify:\/\/collections\/all","font_size_button":14,"fonts_button":"","effect_button":"bounce","color_block_button":"#ffffff","bg_color_block_button":"#111111","color_block_button_hover":"#ffffff","bg_color_block_button_hover":"#cb8161"}}},"block_order":["template--16390609273017__1e0f4129-ca99-4e62-ab13-6454296cd89f-slideshow-1","9cb28d00-e3fe-44ab-a3d5-673496c819df"],"settings":{"color_arrows":"#ffffff","margin_top":"","margin_bottom":""}},"0c638de4-123b-4ab2-9e50-f1725c2ac2f0":{"type":"section-banner-v6","settings":{"margin_top":"","margin_bottom":"","ena_margin_top":true,"url_button1":"shopify:\/\/collections\/all","img_banner1":"shopify:\/\/shop_images\/ba6.jpg","url_button2":"shopify:\/\/collections\/all","img_banner2":"shopify:\/\/shop_images\/ba7.jpg","url_button3":"shopify:\/\/collections\/all","img_banner3":"shopify:\/\/shop_images\/ba8.jpg","url_button4":"shopify:\/\/collections\/all","title_banner":"Food quality and safety are guaranteed","button_4":"Shop now","color_title":"#ffffff","color_btn":"#ffffff","bg_btn":"#cb8161","color_btn_hover":"#000000","bg_btn_hover":"#ffffff"}},"d544245e-bc49-4ae8-b971-29ae311bf055":{"type":"section-product-v3","settings":{"ena_container":false,"title_heading":"Best Seller","color_title":"#222222","sub_title":"Best Seller Product This Week!","color_sub_title":"#666666","select_collection":"frontpage","products_limit":8,"margin_top":"","margin_bottom":""}},"5a4b6fa9-efc3-4130-be2f-f395f299a9aa":{"type":"section-banner-v2","blocks":{"a7801469-7881-4489-b547-a3a7063668cb":{"type":"banner","settings":{"img_banner":"shopify:\/\/shop_images\/ba1.jpg","title_banner":"Meat","color_title":"#000000","color_title_hover":"#ffffff","url_banner":"shopify:\/\/collections\/all"}},"0e09dbb3-a51c-498a-8499-8f32051fa198":{"type":"banner","settings":{"img_banner":"shopify:\/\/shop_images\/ba2.jpg","title_banner":"Beef","color_title":"#000000","color_title_hover":"#ffffff","url_banner":"shopify:\/\/collections\/all"}},"d9031abb-4868-43c3-b3b9-a09052c42cac":{"type":"banner","settings":{"img_banner":"shopify:\/\/shop_images\/ba3.jpg","title_banner":"Salmon","color_title":"#000000","color_title_hover":"#ffffff","url_banner":"shopify:\/\/collections\/all"}},"32a11014-2f76-46be-bfa9-e36a95deec84":{"type":"banner","settings":{"img_banner":"shopify:\/\/shop_images\/ba4.jpg","title_banner":"Fish","color_title":"#000000","color_title_hover":"#ffffff","url_banner":"shopify:\/\/collections\/all"}},"02452147-84a7-47a8-af1b-b8057ffefe68":{"type":"banner","settings":{"img_banner":"shopify:\/\/shop_images\/ba5.jpg","title_banner":"Shrimp","color_title":"#000000","color_title_hover":"#ffffff","url_banner":"shopify:\/\/collections\/all"}}},"block_order":["a7801469-7881-4489-b547-a3a7063668cb","0e09dbb3-a51c-498a-8499-8f32051fa198","d9031abb-4868-43c3-b3b9-a09052c42cac","32a11014-2f76-46be-bfa9-e36a95deec84","02452147-84a7-47a8-af1b-b8057ffefe68"],"settings":{"margin_top":"70","margin_bottom":"","bg_section":"#f8f6f4","title_heading":"Jewellery Collections","color_heading":"#000000","sub_heading":"GET READY TO SPARKLE","color_sub_heading":"#cb8161"}},"2a36aa33-b37d-47e2-823b-e1bd1c292348":{"type":"section-product-v1","settings":{"ena_container":false,"title_heading":"Hot Deal","color_title":"#222222","sub-title1":"Don't Miss Today's Featured Deals","select_collection":"frontpage","products_limit":4,"margin_top":"","margin_bottom":""}},"3c44f871-2cad-4656-bc24-5bfc0fd00a79":{"type":"section-blog-v1","settings":{"margin_top":"","margin_bottom":"","section_title":"Our Blogs","color_title":"#222222","select_blog":"news","blogs_limit":3,"enable_category":true,"enable_date":true,"enable_title":true,"enable_excerpt":true,"ena_btn_readmore":true}}},"order":["1e0f4129-ca99-4e62-ab13-6454296cd89f","0c638de4-123b-4ab2-9e50-f1725c2ac2f0","d544245e-bc49-4ae8-b971-29ae311bf055","5a4b6fa9-efc3-4130-be2f-f395f299a9aa","2a36aa33-b37d-47e2-823b-e1bd1c292348","3c44f871-2cad-4656-bc24-5bfc0fd00a79"]}